,channel_name,channel_id,subscriber count,view count
0,CaseyNeistat,UCtinbF-Q-fVthA0qrFQTgXQ,11426855,-2147483648
1,LastWeekTonight,UC3XTzVzaHQEd30rQbuvCtTQ,7123378,2067766550
2,Rudy Mancuso,UCSAUGyc_xA8uYzaIVG6MESQ,21395599,-2147483648
3,Good Mythical Morning,UCey_c7U86mJGz1VJWH5CYPA,5932900,1048655939
4,nigahiga,UCe_vXdMrHHseZ_esYUskSBw,11166370,-2147483648
5,iJustine,UChLyPHlJ83Qt0-Pau1Cf5tQ,814,11869
6,Saturday Night Live,UCDVYQ4Zhbm3S2dlz7P1GBDg,4832250,-2147483648
7,CrazyRussianHacker,UCmWyesNAlftV3kJlFhD6q6w,732730,211127086
8,20th Century Fox,UC7vVhkEfw4nOGp8TyDk7RcQ,1343319,293445469
9,Vox,UCjD2KyAEm84yVH8cTilID7Q,2434201,850583558
10,NFL,UCZYTClx2T1of7BRZ86-8fow,5767115,1046211707
11,amc,UCY1Yc3xA1aY0lqnKUTDTi7A,2132964,428236070
12,marshmello,UCoxcjq-8xIDTYp3uz647V5A,2971797,418383225
13,NowThis World,UCWFKCr40YwOZQx8FHU_ZqqQ,3960075,664081445
14,The king of DIY,UCaHVwUuDYYMYs_3xggHGufQ,38,0
15,BostonDynamics,UC20vb-R_px4CguHzzBPhoyQ,26169915,-2147483648
16,Cracked,UCH8HxtIoKOmG4WekL8u0sAA,562480,54996452
17,TED-Ed,UCJ6jdm9qTla9Lp3Jf-TPwbg,514952,185298856
18,PeterSripol,UCA-G_2lSDE1GE2W17DlUXmg,0,0
19,SciShow,UCpd21W3qWyzIl8-PXvyDA2g,1043352,936701180
20,Life Noggin,UCXhSCMRRPyxSoyLSPFxK7VA,6370466,1349634955
21,Tested,UC_GvMVffgctSISDkeWlKhXQ,5848687,1610058153
22,Tom Scott,UC2Oxk5J24C1gYhDWpRDNPlw,499892,149630622
23,Refinery29,UCx1f1u4XlFFr0YgqF3wB4lQ,7243831,-2147483648
24,Gus Johnson,UC1TVad23aKn9UH8UXKvb29Q,159,223819
25,HellthyJunkFood,UC0ZAg1KNrZh8jo47Cj_ah4Q,0,0
26,Numberphile,UCjjC1Jk_1o1VWpLalgo21XQ,3930546,-2147483648
27,JerryRigEverything,UC5YfR2K_rXeIy7bseOKky6Q,1257,0
28,Cleveland Cavaliers on cleveland.com,UCV-s8itWCK3yeCppmSYxtVA,1089419,84427482
29,FaeryInLoveInc,UC-lkm1huv9jCUH28E7cKmew,1520866,975132679
30,hp_overload,UCVwfBTDTmVokWadp1PFRBBw,2030,3547576
31,Amazon.co.uk,UCdYIfA_OTih2--tbcKO0b5g,2118086,174075318
32,EminemVEVO,UCR4s1DE9J4DHzZYXMltSMAg,13451079,-2147483648
33,officer401,UCYUQQgogVeQY8cMQamhHJcg,8533406,-2147483648
34,Emirates,UCxUp7o-KYIygfaw4UOZ8ebQ,270448,86957805
35,Nobrand,UCfm4y4rHF5HGrSr-qbvOwOg,14827062,-2147483648
36,Screen Junkies,UCp0hYYBW6IMayGgR-WeoCvQ,33352542,-2147483648
37,Hunter Hayes,UCgWfS_47YPVbKx5EK4FLm4A,2436628,256281753
38,Niki and Gabi,UCor9rW6PgxSQ9vUPWQdnaYQ,288454,593902725
39,Nickelback,UCteMJzhMoMh1-WN6d2u6NEg,1636949,1470263896
40,U2VEVO,UCGMTsjL8kDqIuYlRcFhda1g,253664,321632515
41,BBC News,UCI3H1FsjbdqGcLq93ZilV5g,1643233,1145780648
42,Ben Rohrbach,UCneR_qQ1NE_u9neBSEJJ7lg,1312960,96249976
43,MatthewSantoro,UCZ8TREbPfawhSvayVe5pqKg,726845,108417344
44,Shawn Johnson East,UCKZo4N0lVPccBkSiuyVh4yg,2013420,458562163
45,dope2111,UCmKdSrwf1e8coqAzUsrVHZw,10329950,-2147483648
46,People are Awesome,UCt7fwAhXDy3oNFTAzF2o8Pw,1879350,480918185
47,NBA Highlights · YouTube,UCvNnDoK1N5_dP6J_EtMsd7w,124112,45867135
48,D3sports.com,UCGIY_O-8vW4rfX98KlMkvRg,5860705,1855646076
49,FBE,UCVWA4btXTFru9qM06FceSag,9967580,-2147483648
50,Simply Nailogical,UCmOFHvCruXt5NJmxS8HPoaA,34197,29156960
51,CBS Sunday Morning,UCFL0FILdbQIxyer-oeurYKg,37,171045
52,WWE,UCtGsfvj155zp8maBFng9hHg,818198,328684571
53,JenniferLopezVEVO,UCafVZzwtU8XUWbXGs4LYtdg,2470275,1533373628
54,Grace Helbig,UCsVnVN3mdUQCT8AuZ405d9w,475,0
55,The Graham Norton Show,UCN1hnUccO4FD5WfM7ithXaw,15412403,-2147483648
56,Kevin Durant,UCXJDX1KK6t121Z9FLhu5o2A,7500953,-2147483648
57,JimBrowski 96HourNews,UC_uwk2Tlyat1X0WpIj2y_2g,109,840
58,ViralHog,UC5e_2fVZJ2heCb799A04AtA,955765,915326254
59,Jeremy Jahns,UCkkhuzI6klpeII98hikpKWg,1,0
60,Jonathan Morrison,UCoMum0pwewO8_WtTlUQxGHw,1566161,136874847
61,TIME,UCJQL1Fai-9GlVunsbP4x8Pg,2461046,324339902
62,YouTube Spotlight,UCqFqC-qFh6NGDJlx4qU4Tzw,455653,175921272
63,GEazyMusicVEVO,UCiWLfSweyRNmLpgEHekhoAg,5510750,-2147483648
64,U.S. Navy,UCftwRNsjfRo08xYE31tkiyw,4739197,1352491945
65,IGN,UCpT9kL2Eba91BB9CK6wJ4Pg,3510249,585017249
66,Safiya Nygaard,UCRxAgfYexGLlu1WHGIMUDqw,3989319,224556003
67,Lele Pons,UC6MFZAOHXlKK1FI7V0XQVeA,1971853,513977161
68,INSIDER,UCHEf6T_gVq4tlW5i91ESiWg,11725293,-2147483648
69,John Lewis,UCN25UziqiH2Xnd51FRWXk5Q,23,0
70,Ed Sheeran,UCoPtIvWD4IKLXb67m6Qpm8g,7,9076
71,Sara Dietschy,UC5NuaA6wTMEi9nsd8wmd1Qg,134,257142
72,MeganBatoon,UCKoafhJ9dkAWaEvlXCiBBwA,1953304,646667777
73,John Campea,UC1VYb0EKcZuy9rG3q0VR57Q,3257512,662173385
74,fosterthepeopleVEVO,UC6kiEQfHFfAo96jvIP-MT9w,52,6589
75,Watch What Happens Live with Andy Cohen,UC7txVvO1gwmiBGbq_u6h0lQ,14,42
76,Mayo Clinic,UCE3yf1AcIlXdps2EYbq3lzw,562429,581331370
77,Jason Derulo,UCqg2eLFNUu3QN3dttNeOWkw,6584330,-2147483648
78,The Late Late Show with James Corden,UCe3I9BAVCzf9oACYU1EtrxA,3708913,1906395939
79,cocheusadoooo,UCE60OMKEc07ZIFGIepIiJJw,7,4925
80,Amber Scholl,UCWJ2lWNubArHWmf3FIHbfcQ,11781795,-2147483648
81,John Maclean,UCWvMmm_sSdgALpo1Ci4WvtQ,576037,471620408
82,Bon Appétit,UCG-8AlopydqubtQLoNoqXLQ,1146248,664247713
83,ABC News,UCSju5G2aFaWMqn-_0YBtq5A,473220,49199262
84,mayratouchofglam,UCn8zNIfYAQNdrFRrr8oibKw,11475820,-2147483648
85,BuzzFeed Celeb,UC6hQ7rJDFcr0to1nC4XVegQ,43964,22225069
86,Zero Media,UCnkMTsKYqhHm6l6GQzg4szg,486566,142126110
87,CMAVEVO,UCLp8RBhQHu9wSsq62j_Md6A,18217732,-2147483648
88,Alan Walker,UC3IZKseVpdzPSBaWxBxundA,27559727,-2147483648
89,SUPERFRUIT,UCPcFg7aBbaVzXoIKSNqwaww,4626305,2067300017
90,Saint Louis Chess Club,UClS0wn3LPs9jdX_yt2g1k8w,3238779,-2147483648
91,ABC Television Network,UCPDXXXJj9nax0fr0Wfc048g,13453141,-2147483648
92,Animal Adventure Park,UCGkSXL5saM8y3VvJD_PdMFQ,6635789,-2147483648
93,HowToBasic,UCIRgR4iANHI2taJdz8hjwLw,1770033,626429648
94,CinemaSins,UCp1xCZ4ODNM2OJuKoBrghDA,251451,62853566
95,kimbramusic,UC_uPAFZghRvM1W89Rt-opZw,582360,686965735
96,Capital FM,UCGaVdbSav8xWuFWTadK6loA,3219333,787879304
97,Hope For Paws - Official Rescue Channel,UCEf_Bc-KVd7onSeifS3py9g,19514369,-2147483648
98,IISuperwomanII,UC7ttiY8KM99aLI79yHT6cAw,2690150,1174751075
99,Hopeless Records,UCC552Sd-3nyi_tk2BudLUzA,8726371,1258837689
100,Rachel and Jun,UCpRkWgsen93nomCnx4ecJBw,242,348778
101,BBC Music,UCwQIPsdr-FATQqJkXgQGNKw,110569,35888955
102,Late Night with Seth Meyers,UCjK8ORC71kwyj1DWFwril_A,15359730,-2147483648
103,H&M,UCPJHQ5_DLtxZ1gzBvZE99_g,3332536,147302090
104,CamilaCabelloVEVO,UCB0d0JLn1WcGYcwwZ87d2LA,14245886,-2147483648
105,Liza Koshy,UC0sVahwZgKFHjOBaxvm-a7Q,2308464,1485377215
106,TheEllenShow,UCpx_k19S2vUutWUUM9qmXEg,10438611,-2147483648
107,clothesencounters,UCFhhbIItPkfh4pckWIeOraA,42070,13368129
108,FoxSearchlight,UCqhytmYMdM1Gz3Ujdg28T0g,11,14015
109,LukeBryanVEVO,UCJjueDXO59FAGb-o9xbC3ng,318,1837474
110,NiallHoranVEVO,UCFUopht2bewGG8ph8ULCUUg,49661,23412263
111,empireofthesunvevo,UCVTQuK2CaWaTgSsoNkn5AiQ,1678268,668836213
112,NFVEVO,UCpOt14iqkbd6QjtBHicTXKQ,896832,660960568
113,Marques Brownlee,UCGej5zp_KWZ-b_1w4Rq2hyA,6838526,-2147483648
114,Atlantic Records,UCuoFcgCyu9c6vZO2sO7PF5w,65590,19228413
115,MsAaliyahJay,UCHoSUtYcHhBMvXh7IciOAKw,36,1059
116,Danny Sapko,UCY30JRSgfhYXA6i6xX1erWg,24610415,-2147483648
117,Vogue,UCWXCrItCF6ZgXrdozUS-Idw,9746904,-2147483648
118,Michelle Khare,UC-ImLFXGIe2FC4Wo5hOodnw,1353,18167
119,Full Frontal with Samantha Bee,UCe862_HmHa_rvTv6ueVvwyQ,185,0
120,Nicole Guerriero,UCddKc3pzpVPLYdKf39ulrpQ,8916,12646020
121,The Late Show with Stephen Colbert,UChJCmHO7pE8uNvUY8WjYETg,144,0
122,Jimmy Kimmel Live,UCCn62cYVpl0e_GN-yo1H9yQ,1848547,449126995
123,SuperCarlinBrothers,UCzqbfYjQmf9nLQPMxVgPhiA,1572146,299790030
124,SiaVEVO,UCVZlxkKqlvVqzRJXhAGq42Q,2187210,350429186
125,Business Insider,UCwYQJp6qb2a-Dr--g5lkLgg,69,0
126,2CELLOS,UCudeRz9YntRrmKBSqnHyKGQ,5408851,429975261
127,theneedledrop,UCupvZG-5ko_eiXAupbDfxWw,7130478,-2147483648
128,Simon's Cat,UC9fSZHEh6XsRpX-xJc6lT3A,2459374,282362058
129,Andy Grammer,UCnyB9MYKRkSFK3IIB32CoVw,11923344,-2147483648
130,RemyMaVEVO,UC07Kxew-cMIaykMOkzqHtBQ,9313789,-2147483648
131,Nintendo,UCkUYcyfYHZajWRW71Qkj2Fg,39,196
132,Dina Tokio,UCJkMlOu7faDgqh4PfzbpLdg,2564033,170630158
133,Team Coco,UClx2ih2Nx8enGmsMsA6C3BQ,2573995,-2147483648
134,PitbullVEVO,UCHE7BxxTUp2n4ta3DwjJHxQ,37,68531
135,Late Show with David Letterman,UCmv1CLT6ZcFdTJMHxaR9XeA,17001252,-2147483648
136,Alicia Keys,UCAoMPWcQKA_9Af5YhWdrZgw,10276221,1050264468
137,ElbowVEVO,UC11j-ApkeIcxSTFtBYBMq3g,278869,40022279
138,MDNA SKIN,UCh46y5nUI-h1k5t51qFyqqQ,58,0
139,poofables,UCsQG1uamy9ydZrF79v16IBg,2131869,908191086
140,SigridVEVO,UCnv0gfLQFNGPJ5MHSGuIAkw,117391,14288897
141,MOMOMOYOUTHVEVO,UCE_M8A5yxnLfW0KghEeajjw,8925971,563481139
142,TheScriptVEVO,UC06E4Y_-ybJgBUMtXx8uNNw,4330207,525215165
143,Brothers Green Eats,UCtM5z2gkrGRuWd0JQMx76qA,548059,142443824
144,Netflix,UCDF1rHyRH8LcxbHX5_mrZ0w,215968,124812021
145,Abroad in Japan,UCxeOKL4PQYB5z_85dliQA_Q,22232,10687050
146,Tucker Gott,UCgwv23FVv3lqh567yagXfNg,14188866,-2147483648
147,Nahre Sol,UCTMuBI0UiH-ukAs0m6YFc-Q,9588,3334717
148,ThirtySecondsToMarsVEVO,UC4IDNf0IQu0C0lZvdwIOi0g,10301,4008840
149,HarryStylesVEVO,UCBMxQPhfM6nkhQ8vPfQhkCg,3948349,1148438966
150,Wong Fu Productions,UCGwPbAQdGA3_88WBuGtg9tw,8605647,1578709064
151,Keith Urban,UCpko_-a4wgz2u_DgDgd9fqA,19142448,-2147483648
152,Maroon5VEVO,UCHUE4ypXKp7ZkmdWbGJNgJg,4217742,596232098
153,X Factor Italia,UCxJsQFhb8PFjtuN5gdOV6-w,2498280,776269679
154,Tyler Williams,UCj34AOIMl_k1fF7hcBkD_dw,7430547,1770882124
155,Stewart Brand,UCJzmlOUH4eNAh204ZOlKBvQ,174,0
156,Chris and Jack,UCS026mREwig9Cc9FepVN7pg,18,103856
157,The School of Life,UCdJdEguB1F1CiYe7OEi3SBg,5559565,807784397
158,E! Entertainment,UCHdos0HAIEhIMqUc9L3vh1w,2983982,1367656258
159,Whitney Port,UCxubOASK0482qC5psq89MsQ,77061,583719
160,90s Commercials,UCKTINSJhAdJjcK-AaCmiCuA,6477,6030205
161,Breakfast Club Power 105.1 FM,UClPTQfkdu7b1WuxOTdV9aSA,1,6903
162,Enter Shikari,UCJNH_Wn96zxOc1UnMs8B_4Q,74,9539
163,Caterham Cars,UCwUtwxkX0IDk9_OYaBcmRnQ,1298584,1223335023
164,PostmodernJukebox,UC1GO53HkUppZPsllC1D1ZpQ,34,0
165,PinkVEVO,UCj28gEwD-ZicKaUOo76tsxg,293257,26374064
166,Tamar Chronicles,UCONnf7g7QfOqzM3etLECtUA,232248,49397751
167,Kitten Lady,UCV9_KinVpV-snHe3C3n1hvA,21910049,-2147483648
168,Guinness World Records,UCaLfMkkHhSA_LaCta0BzyhQ,3239245,665977509
169,Blockbuster,UCgRQHK8Ttr1j9xCEpCAlgbQ,419303,202962953
170,TrainVEVO,UCsEj8E122ibbJetQe8BoV7g,723187,1019449021
171,Christen Dominique,UCwCI06WrrkGr1VyhkQMFBlw,1773657,155511307
172,James Charles,UCASjTz4wC5E-8Twuszj7amg,1206021,92009318
173,FreeDawkins,UCHuLJuq6zhqjx4QuJevuj_w,1104,1211520
174,The Infographics Show,UCdz5mFXdCFOhqo-jLbode8g,17,0
175,Jenny Hanell,UCmn4d1GmKKzjhyXGtaMJMtw,2235,0
176,PetaPixel,UCXhZvVgqPDXvPEZ_Z14pQAQ,21790,26406841
177,RM Videos,UClmaYMJISH_T3zr5Rj8Z2xA,483,662040
178,BrianJustinCrum,UC9DXZC8BCDOW6pYAQKgozqw,1003394,64246473
179,CupcakeJemma,UC3Pa0DVzVkqEN_CwsNMapqg,6811012,-2147483648
180,Anaki Abo,UCkGgCrgC0A8vTzIxvZHTwZg,1,0
181,Katy Perry,UCyT6APaPTsFEwtEHu-oMqFA,1302121,183859506
182,I'm With Her,UCJRpqfPOr6ayw7w1OV2WEAA,1,0
183,Zoella,UC9gCY-9tBmZLXrjj6b87EWg,27885,29625457
184,Storyful News,UCHuHWM3-GKLrLhDpTyTxRAQ,19,260
185,Tu Fan,UCp68_FLety0O-n9QU6phsgw,8273600,908153027
186,MyHarto,UCn-zbRY_RNQ1qNmuYYqAijg,1,0
187,Chicago Sun-Times,UCK8sQmJBp8GCxrOtXWBpyEA,7693124,-2147483648
188,PhilPhillipsVEVO,UCRUErR61S_Fl8AFMdRtJ6kw,118403,66340569
189,Tati,UCqeu4irsmkYm5ZeVOg9_ieQ,938182,417495817
190,Ozuna,UC_fN8QapvzsTxrddAN3w9tw,1391493,1337694625
191,Madelaine Petsch,UC1bszM52V3aZSqpXZFbP1zg,71638,31987262
192,Steve Kovach,UCpcTrCXblq78GZrTUTLWeBw,8013661,-2147483648
193,ESPN,UCgCudMsK-kxYxB2RgiS3bzQ,936659,383526716
194,LetsGoWarriors,UCLquyEGkXKvp9xahcrnwm9w,70,247641
195,KSNV News 3 Las Vegas,UCdNvF54AYp2qRt8DkWdYKbQ,20,0
196,Sailor J,UCKHi7M_11VJmLZSq4WNHSkg,1866476,617215672
197,WIRED,UCnPjVVu__eOVZnAnjBiGhKA,2443340,1681103687
198,HiHo Kids,UCBUVGPsJzc1U8SECMgBaMFw,9759232,-2147483648
199,ElectroBOOM,UCmeLTWF4hokl-zp1fopnwIA,389,1436868
200,Brent Pella,UCLkZVEXz_qObWr7hAEbS_pQ,390201,283783429
201,Cards Against Humanity,UCK7IIV6Q2junGSdYK3BmZMg,3669529,-2147483648
202,The Slow Mo Guys,UCqswuI3fsM4oQam6liOVJsw,1728355,267823575
203,TechSmartt,UCnFngWHLtr4phM30rhNqFEw,988463,550297263
204,JunsKitchen,UCaO6TYtlC8U5ttz62hTrZgg,13231111,-2147483648
205,Attaullah Malik,UCX6b17PVsYBQ0ip5gyeme-Q,9571600,1092290263
206,The Tonight Show Starring Jimmy Fallon,UC8gbK8uoqKhlACSeenUPkFQ,192909,77398198
207,Anwar Jibawi,UCazr2526s4M0OleH-GvShOA,10762,10450133
208,Washington Post,UCpYF_3dMxbTukeCG2GsgPbA,3246042,-2147483648
209,Dolan Twins,UCfSvKJAIiyWqNU5rhNtp1UA,9,1420
210,Jackie Aina,UCXQPCd1X6yvm-Q0KeyGY4ew,71,0
211,TV Promos,UC0HMa6X3iMhMq96kkRLLTog,6736,2605019
212,Taylor Swift,UC22zQ9nBEk6KOjUWqR5XXZg,402701,94366025
213,ProZD,UCR-QYzXrZF8yFarK8wZbHog,8607356,1512686787
214,REACT,UCR9sFzaG9Ia_kXJhfxtFMBA,705236,146003788
215,First We Feast,UC_4xc0QQDujsK2ayfdTKW-w,1491,348581
216,Brian Hull,UCExXSHlzUd4eilWIoAaUfTg,10397,12618687
217,William Osman,UCuw6G0wwo_BmP9EmpEFVO1w,7530,3174775
218,Access Hollywood,UCDjek9E6vptWoUkayPA-B4Q,63259,10667316
219,emma chamberlain,UCGIelM2Dj3zza3xyV3pL3WQ,1964133,1827244515
220,Now You See It,UC4lVYv2Pt3TUdUU6uKX6nng,4,0
221,Dancing With The Stars,UCrUbqTCagwsaP2Fmr0p1TsA,4857873,808840525
222,Summit,UCuhwvTYFvVZjyBVXc9T7CrA,3129087,602954734
223,reputationswift,UCiVxAX5STcvXQN3bYUvJi9w,995593,17879448
224,DunkFest,UCVLMS691o0TQZked8ESG9pw,808985,106221311
225,Cut,UCAddNQ-4Xag9EiUaBX-d82w,498,3183
226,The Scran Line,UCOvEMf00DnwdkpOCRWdc6uA,2273979,803399543
227,MattMasonPhotography,UCpfrvuFC6qpKukrZe85FyQg,334208,83534651
228,Vanity Fair,UCplFzk41GPh1gGjDLbQ4qtA,3484,1887174
229,Red Bull,UCCj956IF62FbT7Gouszaj9w,6560908,-2147483648
230,BBCRadio1VEVO,UC3huXhjTLzJFdDpx2KY5CUg,260,498869
231,Mark Ferris,UCXUrDDdmQHni2UTSNyIh4ag,3608105,338431727
232,todrickhall,UCd3QjsY2nngpBYCoUihX7HA,134708,15117488
233,Donut Media,UCiQt8SWd6qp90kMvVbflqIw,187237,14529611
234,Eater,UC9zTuyWffK9ckEz1216noAw,1356642,249526585
235,HANSON,UCwgURKfUA7e0Z7_qE3TvBFQ,5518900,1262088113
236,Frank May,UCPFVhmjjSkFhfstm2LghZIg,4277824,1209560708
237,NBA on ESPN,UCvJJ_dzjViJCoLf5uKUTwoA,898267,317198228
238,SIRAH,UCyxZB7SqkRFqij18X1rDYHQ,620739,62830461
239,ScreenPrism,UCZlPhuBAcNovK2ATCSSz0kw,354977,179832227
240,Valk Aviation,UCnN1DYDR6fpHqCXRevRmn_w,381,68940
241,Shantell Martin,UCnlNKKYly365T1779K1PmUg,75244,35890333
242,Gregg Peterson,UCz5ppm1BYc7tgUYIel3EWJw,1701580,153769205
243,Estée Lalonde,UC89Lupwwv9ANeuxfDRXo7mQ,157716,5525041
244,Canada Soccer,UC1tAza6iL3yB0QXRoGl49KQ,13482,2684053
245,WLKY News Louisville,UCm1dsgJNnhaLkY3uAdqN4mA,12510363,-2147483648
246,The Office US,UCmKurapML4BF9Bjtj4RbvXw,6565204,1747293032
247,Entertainment Weekly,UCkEAAkbmhYVnJVSxvp-AfWg,1114445,860387822
248,12 News,UCwLK17rpMFUfktQEcMzSyWg,348974,821979330
249,Bkav Corp,UCbxQcz9k0NRRuy0ukgQTDQQ,897084,80605551
250,Daelric,UCLq5mB76CPuOvftjqq8JMYQ,973845,15296203
251,"monday.com, formerly dapulse",UCILamLkehRwaRRBjhNIw_1g,258717,34791367
252,GQ,UCvu362oukLMN1miydXcLxGg,7965680,-2147483648
253,TMZSports,UCANLZYMidaCbLQFWXBC95Jg,27422167,-2147483648
254,Caters Clips,UCK-GN21LMCsDoQgnZXNqLaw,635676,619231341
255,You Suck At Cooking,UCk-83b_vjgxPSHjVFZhR8fA,920978,130909342
256,Tanner Braungardt,UCSFMADvCb8OL0-3PrzUT_JA,250,0
257,iHasCupquake,UCayDH74OUbNnLgmZ1uy136g,353179,29984007
258,FallOutBoyVEVO,UCLEcMU-hWD0aIRvFswKJF2A,6643,4967319
259,alt-J,UCo7tWAAtCs1OerypW9dJHaQ,8,0
260,Demi Lovato,UCVfl4sWlOH4E9YCzjEyqZug,0,0
261,Matthias,UCVBLhL_FVJVxnkHmhSPh4JA,88,19542
262,Movie Munchies,UCbgUDaeNymaXf1A65V1oCFA,681,6869
263,Fueled By Ramen,UCUMZ7gohGI9HcU9VNsr2FJQ,1728482,407192485
264,Mental Floss,UCBfT4NBQBbO2-HWN6tqf5uQ,3229,4624226
265,Pixielocks,UCsDmESjqNPukDmVnuneLrqw,4132395,406397244
266,SHOWTIME Sports,UCeR0n8d3ShTn_yrMhpwyE1Q,1544944,125526307
267,Cody'sLab Backup,UC6Xz9THx6YDjumNE7pG-0DA,48,26890
268,Paramount Pictures,UCNsuxn6DKjRQWtY_C33u9Iw,0,0
269,Atlanta Hawks,UCzr0iRJgtLNitmAl3U7A1Tw,81060,27919704
270,NBA,UCNmJ85CTooCM3pu7SKdpcaw,3,0
271,ColliderVideos,UCjBp_7RuDBUYbd1LegWEJ8g,3164213,715239115
272,Jenny Nicholson,UCzTKskwIc_-a0cGvCXA848Q,12078192,1083765190
273,Big Cat Rescue,UCUTuhx9d0GDlQ2Gj1BmhpfA,501,2251
274,RachelPlattenVEVO,UCmlsu3V3SzIm2Jmo0S0qiMg,6549781,1559339503
275,standupmaths,UCXMyrGMfRtf12S0gpxx90XA,36,343684
276,Wendy Williams,UCGHi_s4RrqUh4hsS4mLbiPg,748135,856073996
277,VICE,UCGoKQ9IomBRXyP5DyDjAIIw,11464,7776481
278,BBC Earth,UCOvsww4Ch0ZKzFkITMm541g,3001098,2441077
279,BBC Radio 1,UCgFvT6pUq9HLOvKBYERzXSQ,3139824,533532201
280,Rappler,UCSVpCNZzOeMekuMiFze3fnQ,635836,27144360
281,Sarasota Police Department,UC182iDNytd-wAAHHtxzn5Gw,42371,98911905
282,Vostok.bike,UC4dqLAF7yT-_DqeYisQ001w,1329227,1264324429
283,GoDucksdotcom,UCLEoyoOKZK0idGqSc6Pi23w,80107,6496697
284,Hybrid Network,UCFY1gD9VMrMdPgLuCaZPojg,285780,211978370
285,Mark Linsangan,UC4_bwov47DseacR1-ttTdOg,4536668,851361271
286,LOFTON SHAW,UCtKf_mQKvfiPvpxyKBVWBoQ,3273043,554048199
287,BellatorMMA,UCGRjJrpD2bmk9Ilq6nq80qg,1391210,1362349677
288,New Scientist,UC-8Q-hLdECwQmaWNwXitYDw,26118312,-2147483648
289,Warner Bros. Pictures,UCssD3_aDYhaG44mwP53CO0w,8186396,-2147483648
290,LuisFonsiVEVO,UCD5WWnRed32y3xGwmrDhUiQ,1435925,113055385
291,Kurzgesagt – In a Nutshell,UC9gFih9rw0zNCK3ZtoKQQyA,19810246,-2147483648
292,ibighit,UCbJI4Kiaba4Nh_tVjR3Gm7w,339762,324805179
293,jacksfilms,UCRMqQWxCWE0VMvtUElm-rEA,744040,271470886
294,The Talk,UCMqxNDSr5u8FkPXXLB7welg,23,24278
295,Austin Evans,UCoYfzC2zMlc9M-Odgaf6OSg,7289158,-2147483648
296,The Verge,UC1h8KcM6ze8-mTrSL61HJIA,153,136229
297,MariahCareyVEVO,UCoLrcjPV5PbUrUyXq5mjc_A,1837294,1640074898
298,CollegeHumor,UCy_3z9nUwuip2xkF_BNCQYw,29,88488
299,Chris Stuckmann,UCJJDFP9XgtqZQ8I6zDEiM9g,127551,34203954
300,MassLive,UCWeLPNowZvdzXwnCDxVyNEg,232699,113176655
301,Klossy,UCccjdJEay2hpb5scz61zY6Q,656691,36501439
302,Björk,UCK1Yak5NEF_fPyF1Xf-PVOQ,0,0
303,DJSnakeVEVO,UCwCXJeXiZ0_0QMQMJxwrNVw,70,22687
304,Butch Hartman,UCAy4_9g22xCsEJBYkpq9jow,93489,24842512
305,It's Okay To Be Smart,UCXSyVEIGKbRVEa3vMUvPLEg,181,131733
306,Major Lazer,UC4O0LNYmaOczcSMHA_FE1Mw,537239,63085581
307,Dua Lipa,UCq1Z5S3JQfupBGEZAzkpp-g,477,0
308,Philadelphia 76ers,UCl4CCWlX8W8Bqjecre0Q4zw,7,0
309,Jessii Vee,UCeLPm9yH_a_QH8n6445G-Ow,3886767,1996609832
310,The Orchard Movies,UCnuuKDsk8mBHD4EmTllblgA,1,0
311,Shmee150,UCRVruzlQF5cqpw9jQgIgNdw,637042,386141604
312,TODAY,UCu21qy6GfxrkknjPkAJOa6A,21876,0
313,Eric Strebel,UC8v4vz_n2rys6Yxpj8LuOBA,4121554,540817525
314,Auralnauts,UCbnMUTnmqXRXw0NdjVaV8XA,2545,3282812
315,60 Minutes,UCbnme17juJ1sYT7BiSTCd-A,200,0
316,ChrisStapletonVEVO,UCPDis9pjXuqyI7RYLJ-TTSA,14651934,2074448325
317,vlogbrothers,UCFo6KzfqpCe-fHALGhkmFKg,26746,20068517
318,SMTOWN,UCsXfDf1CDgU3SCt0gxJNXGg,6626681,-2147483648
319,Green Day,UCM9KGdihR14QHFeyOsA-kgA,4174,0
320,HaileeSteinfeldVEVO,UCoocMG5lMACNKgpvqKay2lg,667999,256165237
321,AsapSCIENCE,UCtlliE8Yd3NMUwzC0Xwu4Eg,1,544
322,K Yuen,UC1SqP7_RfOC9Jf9L_GRHANg,11398654,-2147483648
323,Half as Interesting,UCuHzBCaKmtaLcRAOoazhCPA,18914315,831700091
324,RealLifeLore,UCAs1oazmkNDzpgiLZraMZMQ,2238666,144524078
325,Ultra Music,UCOtoxvHLKrIlWbt4MRBWfbQ,720161,61663050
326,Shade 45,UCf5CjDJvsFvtVIhkfmKAwAA,127982,151311472
327,The Real Daytime,UCfAEEhKikW1676DCa_0OWLA,2437881,177997684
328,Matthias Wandel,UCXlfi8sf6cKGQ8sOd0-yRuw,2902129,482405205
329,Lauren Elizabeth,UCJdqltkDxOUIvkVlaluFjSw,87294,109716248
330,TimandFaithVEVO,UCG7yIWtVwcENg_ZS-nahg5g,37329,5596622
331,Funny Or Die,UC_Bf08Y-3m6CMAvTms3EkKg,861047,545525013
332,Mayim Bialik,UCzsKCFGWpOk9gxkOjORRkZw,567576,296970323
333,Lauv,UCb1odBsfUVstnlaYW_IiHWw,192248,26679438
334,Ranz Kyle,UCT8-g1d11o6fkxMNk2p5tWA,486717,371241242
335,NBC News,UCqIUaBY-3pAd4DN4Bx2bIsw,67,700432
336,Matt Steffanina,UC4YBs5NpROKPWjUP76x_cRg,289,0
337,MisterWivesVEVO,UC7RGwnsSAEClqqxJ9MxUhyQ,3081395,273079327
338,YBF Chic,UCsl2vIAHvfb8r7ocg325GfQ,2909407,425438742
339,littleBits Electronics,UC1ViMCLGcs1XyfVelI4Z_PQ,12,71466
340,Audience Network,UCEOXxzW2vU0P-0THehuIIeg,1598790,119368141
341,Hot Dad,UCs4TGanvFtdeg4E4Muggm9g,25027,22865337
342,Disney•Pixar,UCXX0RWOIBjt4o3ziHu-6a5A,70126,25463438
343,SelenaGomezVEVO,UCMS2pfcipyqxlXeL7vgWObA,0,0
344,Rosanna Pansino,UC6UL29enLNe4mqwTfAyeNuw,1520715,532389117
345,Thomas Sanders,UCjyNmoALXtMGy9pjm1T8IFA,4092,0
346,CrashRacing,UC1KOOWHthbQVXH2kZue3_xA,174998,48896673
347,Tasty,UC9nun_0-_YGQa5BR2ngGvXA,141,150289
348,Nile Wilson,UC_ItCy-BTDCULPpDPlieUKA,5046886,939509520
349,AnthonyPadilla,UCHYKkKW0MpX5-nDQQas-b6w,273447,111417792
350,Rclbeauty101,UCsvn_Po0SmunchJYOWpOxMg,5625416,2144399981
351,Maddie Ziegler,UCnVimh35ecf46P_Bt-2AArg,256794,40610029
352,Good Morning Britain,UCqmugCqELzhIMNYnsjScXXw,4140146,604996053
353,ToveLoVEVO,UCjB3CzA-MwHrDzuXGweNiMg,1428589,1376437955
354,ImagineDragonsVEVO,UC9M60NiMsUnSrXg24-GXHCA,2210050,450060856
355,ChloexHalleVEVO,UCMfXv2enRXepxG92VoxfrEg,2694327,1771753966
356,NARLtv,UCemsMvkKR1VDm5xtupQ9kyg,1506492,1153673734
357,Video Library,UC8MSOqLbWONmkAaH-fOF_4A,1,0
358,Single Shot,UC17fQJq7fXt9alpRFdvGqyA,9966,10852896
359,FlyFastandLow,UCmzuG19eErHE2MTEFbh5Xlg,31264,11825506
360,Tegan and Sara,UC4XJnRPZjXhgvVMhXKNSJvQ,108596,34149091
361,daronjay,UCtwMWJr2BFPkuJTnSvCESSQ,537048,577797393
362,Taras Malyar,UC8uE11fdSFMprw6EEuvag5w,341,2068447
363,astroboy1960,UCavTVjugW1OejDAq0aDzdMw,1418188,101926101
364,Quad9 DNS,UCKTgj8r-wp80wJgDxhc6jpA,1338441,988696303
365,GinWigmoreVEVO,UCwZu4xSISKQpazjjB1iucag,2025,3378112
366,1theK (원더케이),UCwIOKbL9wYPQmHGAkYgWXPA,61433,74695056
367,Topi The Corgi,UCe-4xQosMQGkIA8mT4sR98Q,552404,316635535
368,Disney Movie Trailers,UCjvwoDIrMmlSOINUPZWM3CA,407424,418804098
369,Dwarf Mamba,UCSbZQABBzgKsv6y0eAtC15g,77,134420
370,Kitchen Nightmares,UCk1OAveiSUJjtQ8w4B_ayrA,944227,518552481
371,Just Wow me,UCvclA06ZUVv54J-1ZeJ54Aw,2270927,667670114
372,ladygagaarraza,UCHjVCR-fV_X789MsE7GRFqQ,1117827,314862538
373,HBO,UCCQAaxfx8W84xTd-AmuwTHA,5101,10780038
374,mvt.ias,UCZ_WATdGD6BQ1uQbkbOR_7A,86,0
375,AIA awards,UCgoFStVyEsm8tBZP5NC-aBQ,216,30322
376,Taylor Nicole Dean,UCMcr2-_Rghdl-o_S3zVZTOA,1,131
377,USA TODAY,UCXyrZim8CaYWYzR81FK7Opw,215906,253598680
378,NOLA.com,UCFUTKRgW93AqOeyptp-D3kw,662,10721032
379,BuzzFeed Nifty,UCg25o5IRuyTd5hmBvohBSeg,80981,43954281
380,Sam Chui,UCFez3gfEHmDF8JB8X9VUZdQ,1306,1477043
381,Tech Insider,UC-5LNANFKTC1DOkuhbeq6OQ,511568,224192894
382,MiguelVEVO,UCj1_-aa8XE6-zhzsRNJZNfw,164034,82024119
383,Tamika Hall,UC_bZBp05ksCrXtrQADtkN7w,5,2929
384,Matoma,UCRzzwLpLiUNIs6YOPe33eMg,12081774,-2147483648
385,JessieJVEVO,UCXjYyQLbPSIdL7AYlbBOa6g,17,54800
386,ParsonJamesVEVO,UChKuR9qt9T7T9NE4kMWc5Rg,3538,853736
387,Maggie Lindemann,UCXgXW0kqxnJM66dlh6V5Pxw,1794914,71222736
388,Kevin Rabatin,UCSJWlswfVUgyVliZaEFoaBw,1719815,206805385
389,FRANKIEmusicVEVO,UCE6j7RRo78iErobma8zBiSA,10043,4278732
390,Radovan Lazic,UC6LnqqAXZ3NmrOqIehHXYQA,2955,203353
391,Duston Ward,UC5Jpmk7e3Lmgt_louiXVWCQ,1459,3437632
392,Entertainment Tonight,UCgyMPfJl7ynJRfE2jQ18rJw,1112076,558109770
393,Smosh,UCpmBpSoy6YQjcshNK6pSyIA,2402824,1901620301
394,Bruno Mars,UCkdoEulAR52vggIUQYemeow,731510,31671017
395,The Weather Channel,UCAgFi-vOt80uu4Et_i5GxxA,4430,9072144
396,The View,UC82NKsHi0d3yrRnd0R8Gulg,42,152796
397,ExplosmEntertainment,UCrqkJUuc45YgjcstrxYE4zw,34,0
398,The Grand Tour,UCSFGqwztsD1HIp0KEl7t0YQ,600,198182
399,slaymeclarkson c:,UCNmXRwlQMlyXtLj-L9x3hLQ,1008258,89993531
400,Veritasium,UCjmzWAVyBlxd77QMYjj5z5A,224,7336
401,Josh Groban,UCkCrLWvO43Og_1CWUJ0HIAg,56903,45401304
402,Billboard,UCNUaYD6YvkRBUEpamGLNzvw,66,254
403,How to DAD,UC5I2hjZYiW9gZPVkvzM8_Cw,795781,161378656
404,hudsonunionsociety,UCTAgbu2l6_rBKdbTvEodEDw,2687505,480315304
405,WildTurkeyBourbon,UCWStqpgu1Pt3VhXCOGlmkkw,144555,119580858
406,Simon and Martina,UCEkE5ghV0z3q1vZuZqwkjug,3032,4609339
407,AlishaMarie,UCOD8EZ6ztG7mvv4-YSBR2Xg,166028,7679061
408,Fleur DeForce,UCb-vZWBeWA5Q2818JmmJiqQ,1215420,827385502
409,David Sistaro,UCFzm6oAGFmmZfkrzQ5wATSQ,3944956,1898085722
410,Passenger,UC-2Y8dQb0S6DtpxNgAKoJKA,8821089,-2147483648
411,Mashed,UC39eHhTEqiBlqRbmIIYjm-g,1849286,221536688
412,emmymadeinjapan,UCBILbI8wZk3rL3qiZx470Ag,201621,193711298
413,JoergSprave,UCXXpsFkjIbYnvw5rLfSW0XA,1374,101647
414,Leroy Sanchez,UCYpVqLSvfseUqb2URAkexlw,3144724,-2147483648
415,Rob Andretti,UCr5X1GkJDgziekBtAkZWjXQ,0,162214489
416,Lindsey Stirling,UCkiXOKnkDO4qz3njQoz86LA,1062618,544114787
417,Tom Stanton,UCMhtEBvT-5v_tsKPR_Un1iw,1128,2452876
418,Polyphonic,UCK-VRwguZP3cokOAxI0F1HA,1583003,1219816911
419,Freeform,UCb3Z53nFp9ao2n5OaIu7mhQ,29,0
420,BTS Videos,UCziQJYHu1KSyNO1Y2daMEvg,55243,397199175
421,Binging with Babish,UCH47Lk8Qv2Vdr7yu7JHyvug,845757,186361911
422,CBS This Morning,UCEDHfFp2GZonrhuAaz7VjPw,139807,90531418
423,Peter McKinnon,UCI8Ry7NdFNLel-S8dWU7mDA,567464,730634732
424,The Voice,UCV-42PmhiC8PodJii6VVbyQ,94,72499
425,Hannah Stocking,UCZqGuwTNr2mF6jhUDMMU_rA,1,0
426,Wendover Productions,UC8y7Xa0E1Lo6PnVsu2KJbOA,1077287,234198916
427,Inanna Sarkis,UCTQus604uO7Y__htbedhvkA,94,0
428,ShawnMendesVEVO,UCOeCfDAgD__sksj5FH1UY9Q,65,223164
429,NASA Jet Propulsion Laboratory,UCGnjeahCJW1AF34HBmQTJ-Q,19277216,-2147483648
430,Tyler Oakley,UCkvK_5omS-42Ovgah8KRKtg,15503105,1785506177
431,Buttered Side Down,UCy5QKpDQC-H3z82Bw6EVFfg,1042640,920835304
432,Doug Jones for Senate,UCzzXsnHsEmGorQ6xAKL2sZA,666950,513076676
433,YTN NEWS,UCfuVkZR3HraR6QH7k_9nl6g,28603,25537718
434,ConnorFranta,UCCMQCgFz7qfrfEliS_px3-w,28,53
435,Alex Gilbert,UCjckM1uBUbeDphpmVtktnaQ,149,807683
436,Colleen Vlogs,UCN6_zlOc1aJEzfG_ZkXpUgA,71,509074
437,CNN,UCONd1SNf3_QqjzjCVsURNuA,3020808,307308718
438,Bob Przybylo,UCW0rqnEt1YiuhM7I28l6L2g,284833,113386986
439,Marie McGann,UCLkAepWjdylmXSltofFvsYQ,20634902,-2147483648
440,Useless Duck Company,UCVwsY2xkLUolH0gEgbHnaUA,20,0
441,Adult Swim,UCaAoB5KmxSEpY5o6NXMe3fg,8,0
442,Philip DeFranco,UCXGVsie-SIk3e3wJmUTyEhw,116708,58720033
443,The King of Random,UCdb7xtpfCUuSmWtF1uolg6Q,4333,1490297
444,Carla Resendiz,UClzCn8DxRSCuMFv_WfzkcrQ,1439065,1461701428
445,UrAvgConsumer,UCY_5h5zaSwN7Or4kIJDYNXA,308826,226488986
446,Sufficiently Advanced,UCPCk_8dtVyR1lLHMBEILW4g,198437,67677421
447,DemiLovatoVEVO,UCIUc-1RSAK56qZZrZowseTA,12947,2166021
448,LadyGagaVEVO,UC9Y0_CVu1cPfN8Dm00pJv9g,2890,3355302
449,Brat,UCosJ8JrgjHosnZboqS0YGuA,62891,6851008
450,Kandee Johnson,UC2pmfLm7iq6Ov1UwYrWYkZA,18629648,545614928
451,Nerdwriter1,UCr9JCN1dQ0jXsYnIg4PcD0Q,24,0
452,CAguileraVEVO,UCC1u_w7Nvx_8thnhxlnQ1Lg,15,22182
453,Looper,UCkLXELm63_pH7L-r-548kig,402810,855995735
454,Miranda Sings,UCXsTbslujP1NNJfuIg71qCw,932332,371646560
455,Eva Lunde Bentley,UCUUUpaMp8DV6KUOfQwoIiLg,1323898,886313561
456,PTXofficial,UCMpOz2KEfkSdd5JeIJh_fxw,3223603,428223339
457,The Deal Guy,UCfnRFkeB7W4L_weD7SJI6wQ,659893,522037022
458,Yes Theory,UCDgEglMcFTNpDbGEeQcummw,234375,121220565
459,DreamCastle_629,UC6kpDTAXXNV5SEP5g1HoPTA,521395,106402477
460,The Tommy Edison Experience,UCGVqWvK_xEJmUW3uV9zew9A,214,408611
461,MyLifeAsEva,UCepHDeIsnHlLn5CJB8uOxWg,242695,45048684
462,lara6683,UCF1mBKeoYWluAUr_r3QDcuw,0,663080
463,Zendaya,UCx_eAZKDceT1yaY4bRo636A,182840,120860928
464,adidas Football,UCwtnkRZcvL4bfopzJ-Von8Q,4514454,875467695
465,ScreenJunkies News,UCy8YC5oYluMVYARiCRarcjw,1229189,143564661
466,Portugal. The Man,UCm3FgJ2Hqm7tb70T-GfwXVA,3081741,1875707605
467,chris lee,UCcdOEjqjiVAnUtEFZIRTlHg,5141955,-2147483648
468,Kelly Clarkson,UCi6ot_hQURY84xgaSKrCx3w,318005,262955742
469,How To Cake It,UCCjyq_K1Xwfg8Lndy7lKMpA,427861,128305506
470,The Hollywood Reporter,UCEJEmr08AJfcP0yejuq1EMw,12,0
471,NickJonasVEVO,UCjJnQe4xBpb9EndmuzVszng,40301,37431216
472,CBS Miami,UCdPui8EYr_sX6q1xNXCRPXg,4574048,458620245
473,Voicebot,UC5M_h2S8Ldoc9M6f7B-_m6A,6240668,-2147483648
474,The Sports King,UCYfTo2H2G3NG1FwQP8S6apA,25,8049
475,John Sellars,UCpPDEps9aDuoiTRoT38TyeA,80,689
476,E! News,UCmbP8N4zqO9UJtO2cNCQ0jQ,41086,27688361
477,The Current Source,UCdSenyHIY-kzhdz21CpBISA,156866,39850343
478,HACKADAY,UCToe3dspZyw2L_JY-JmP3Mw,32092,3972488
479,Taylor Alexander,UCTu-ytEHtR_0eKmOhAyWiyg,7567,19553399
480,Apple,UCxlXiRuC_DD6mQjM7U45SlA,517,751005
481,TheBackyardScientist,UC-Q8p3gbbRDxskIEf0LNYVA,30920,52808526
482,PB Comps,UC0eDpgCWPVXF6gHqow4s4Kw,1418,12310256
483,Chris Lee,UCYNxoffNZ2fXLGggyhl8Yqg,34593,80418388
484,Royal Academy of Arts,UCIVWOgHv7cj7a6UD-D_LBBA,5502,1049238
485,Spectrum Haleskarth,UCyN6ATBIF_LPs24VQebrb7w,25017,15379901
486,Milkmen Design,UCd_ofRF2In4cXbk2AKhyETQ,81810,24053120
487,Masters Of The Sun,UCWpM1utIj51P7x4TkQ2APZw,209091,41486851
488,bigclivedotcom,UC9B6c09n61wgu5w6bh1v68Q,533136,641938097
489,RAP DAILY,UCup_8TVTXnU0_itUcsrnYYg,401991,33128443
490,OK Go,UCM0cwESe107DHyGpEUx1n4Q,122280,114116820
491,Verizon,UCQlWvudiTjnZSkFizAhe-2A,1493327,205076476
492,ELLEUKTV,UC7mDcPvEBfQBY3HIigFJSSw,27717,30050536
493,DisneyMusicVEVO,UCaHNFIob5Ixv74f5on3lvIw,12567662,-2147483648
494,Kanimuna Kisaka,UCFb_9tIgnxz1OPhxzipGIbA,1122259,770367432
495,BehindTheSounds,UC9fzTZA08z808aVbfGBUQog,4,0
496,It's a small world,UCUFgkRb0ZHc4Rpq15VRCICA,1098365,190160802
497,ELLE,UCQxMOHOvZomxZrSDHxHrdMQ,2,73
498,Casually Explained,UCwMzrhrw-GhekJgDLj_8gkA,431011,397939979
499,ThreadBanger,UC_7S9a3WGLyzK9qWna0O-xQ,10743,21019765
500,grav3yardgirl,UCTl3QQTvqHFjurroKxexy2Q,3630930,1772289932
501,BuzzFeedVideo,UCKYNmnKbElc10gIVJ6EGxfg,26595,35518241
502,Lane Anderson,UCcVqCJ_9owb1zM43vqswMNQ,1676846,576950878
503,AmazingPhil,UC77dnp1YMeOAMZadv-9KvEQ,1058052,878242120
504,Simone Giertz,UCNT38peI5ihu_QzBSjKpWKA,1274747,309094238
505,Laura in the Kitchen,UCZPx-PkTiyqRuaBwwAQg2Zw,460105,50523051
506,Hevesh5,UCeiYXex_fwgYDonaTcSIk6w,2145095,246512141
507,Anew Start,UCpqjSJFu51JBVG3lgY5-c4g,4,10946
508,Ingrid Nilsen,UCTCYV4LGd9JjpwKsiPLnZRg,391,1670461
509,Unique Vibes,UCNe161YMUykW264kFe5PWxA,339229,82875083
510,EverythingApplePro,UCGGhM6XCSJFQ6DTRffnKRIw,2729042,1653356838
511,Pitch Perfect,UC2AIPyqIUMwo6KLuOi6flRA,0,0
512,HARRY,UCC0EqtXQ9at6ON_-ZYJaImA,2002250,151123188
513,Turbo Conquering Mega Eagle,UCydtMNspoPAlqBjFSGnigSw,108711,6276535
514,flirppy242,UCmp35cElNBFjahi8Lr4kS1g,423834,88556220
515,JonTronShow,UCl47iLmJUzbgP8XyR-kRCQA,517042,249924993
516,Dorkly,UC0p5tBJyylhgBXS9BhjWmow,1584689,1136664693
517,Guardian News,UCyKtWUx5C1Nc6J9yMJlIlwg,31657,296479
518,Markiplier,UCVLwtJGEFKgnZdWmKnbieDw,100779,55050964
519,FOX Sports,UCy7MBnbfYT9SU7Ty7jDK3Vw,307210,27135902
520,Marvel Entertainment,UCJoncVSUepBVSjxVkoUNjrA,14283,5160100
521,Miss Universe,UColFwCvKTleWmoZyyd0R6kw,234389,84507381
522,NZPoliceRecruitment,UCap97Ue8K_BpKlrvQRYd6JA,9058206,1151063673
523,Bethany Mota,UCaYhObZnIpYTWgvoikyVH-Q,15,0
524,Tina Nguyen,UClesqLjeKJd-dG8xLfzJyCQ,3894845,1318223968
525,AmandaMoor & Craft Ideas,UC9HnKwLco0wfmmHJT4KOjJw,2766120,1453108448
526,Sesame Street,UCKVfKr96Ifr3Dnhb6mhDAdw,1852318,240124575
527,Cloth Map,UCfCKUsN2HmXfjiOJc7z7xBw,731308,166244581
528,Gatorade,UCPjoiy15J5m7QOZKIKgoRxg,0,0
529,Srinath .S,UC8x4hK6vdC6kPlJqniMR1rQ,479,1224
530,The White House,UCKbvEwPCPoxjaLUSuPHRecg,11014,2073827
531,Ellie and Jared,UCPB7-Ktk6nn4BBm299eL_IA,167168,11522156
532,Doug DeMuro,UC9S9nxMmZhLxdyoZRd8yhfA,252972,181772583
533,Unbox Therapy,UCL7CNO0U9SjWFbu7veoLRBw,2085730,971539993
534,Just Between Us,UCNpY5DI8KO-ROA2BxgGWrXg,4130109,-2147483648
535,Cam'ron,UCs1l3KHhFvsQOUT-vOvLmQA,18,2517
536,The X Factor UK,UCZieAeas0BmH4vncTY0GlOg,409,1748861
537,CFL Insider,UCXN7NMwjjQpBHxzMwOPYzjQ,2477732,531330390
538,Technomanila,UCQttqWT_mkxpyOBmTis2pDA,29,27774
539,West Midlands Police,UC-SV8-bUJfXjrRMnp7F8Wzw,15306153,-2147483648
540,David Steuer,UCrHL_BF5lHyK43BxLU8-vBQ,13820968,-2147483648
541,CS Dojo,UCVrvnobbNGGMsS5n2mJwfOg,2016078,310779806
542,AFP news agency,UCzMUNug_h1DZD9FmEP-CJMw,507558,498975508
543,I Like To Make Stuff,UCFjrDmEnxrG5TRGVO0TPHLA,7397929,1602314553
544,Plasma Channel,UC0_wy88tGSDIk6ReFIrxWrw,1816,1693527
545,CalumScottVEVO,UCf3cbfAXgPFL6OywH7JwOzA,8633828,-2147483648
546,Liam Gallagher,UC9xncyB15xEnnWfgBp8wAeg,620347,779882414
547,Marco Reps,UC0vBXGSyV14uvJ4hECDOl0Q,2912297,381749610
548,Bravo,UCwlTofOAY79PS_GhmborAdA,2969962,-2147483648
549,Linkin Park,UCDM6RfPF0XM_cQF8S2shKcw,1577,0
550,toofacedcosmetics,UC4n9fjwEl5-NRb1UXEmMT7A,447,1308662
551,Epicurious,UCrFB54bqp8sda4udJyNswlA,5236372,-2147483648
552,Sevdaliza,UCTuslvwrGyHUrmjlPDeojKw,36577,4335061
553,shane,UCJCy0g-qDX44gVVw-IB5NQg,104,6220
554,Munchies,UCfAPTv1LgeEWevG8X_6PUOQ,1178786,902862191
555,Variety,UCvn-HVrAGYEKsVx6gW3MeNQ,2304972,1386994600
556,Good Morning America,UC9vGD_KFNiQOHSeUoxIM3yQ,519315,638326285
557,KaneBrownVEVO,UCQdd7GHh4NlxzZzUUmqTPCQ,1891,2621704
558,Molly Burke,UC7KqPOHnMTzdBjkbTQp5ebg,1513663,944204334
559,Grandpa Kitchen,UCqENvRsthKwsb5Ab-OwnlOw,23630,9453874
560,ElleOfTheMills,UC18ju52OET36bdewLRHzPdQ,564582,107247509
561,Mike Boyd,UCFkoPRmuxqr37jvGmmpzhzQ,14805112,-2147483648
562,DamonAndJo,UCxAICW_LdkfFYwTqTHHE0vg,5138297,1515486146
563,Wassabi Productions,UCK-4JyAcQYBasFAe367on7w,1448385,161098077
564,Clevver News,UCVPbYft7bolH_jOEZ3Ec51A,501,0
565,Darren Criss,UCkJHb4rTNd8PIMD9S0UPCiw,759204,119186065
566,ANDREW HUANG,UCP4nS6ag1-E6TzlQvaWfiZg,1560520,203028931
567,Steve TV Show,UCJZ7f6NQzGKZnFXzFW9y9UQ,5028659,-2147483648
568,Great Big Story,UCosnVpvQYMR58p8A8tBY-dw,157473,128008327
569,legofreedom1,UClCUtBCBJw1UB3PDwW_Jemg,133,0
570,Loudwire,UC36MGPfPwOWafAXauiV4LdA,3855923,1464062411
571,SiriusXM,UCG6cfkKHV8h3IOtiJaK3M-A,10,650
572,Apple Support,UCYzPXprvl5Y-Sf0g4vX-m6g,22350573,-2147483648
573,HQVideoDude,UCLO9oCImSzV4LuT3hXGn0fg,53,374166
574,Teen Vogue,UCxseO_JzIiiJENauW2RmcJQ,658091,55548704
575,Lame Videos,UCb36PGyNhd-BPa86zo-WAbA,5240,383446
576,Lucy Moon,UCfD-Z2Iy8MT3_FwifagVNWg,1097006,301862908
577,Applied Science,UCVBSiCF7FIem5b5BQT2q0dg,0,0
578,Why Don't We,UCBR2_vZnIa_lN3FdkRkjIvA,517,0
579,geicocaveman2012,UCNnnwVSI5Ndo2I4Y-LPuuew,4085781,-2147483648
580,Maker's Box,UCHF66aWLOxBW4l6VkSrS3cQ,1641173,19726206
581,shurap,UCF_fDSgPpBQuh1MsUTgIARQ,11131814,-2147483648
582,SupremeSounds,UCDYfiBTEPexujA5wDWvxUnA,1246667,851328978
583,Context Information Security,UCQznUf1SjfDqx65hX3zRDiA,9775368,-2147483648
584,Lamborghini,UC0SBgwiGjBKxQ8_zQNHiUug,72,222714
585,Beats by Dre,UCMiJRAwDNSNzuYeN2uWa0pA,2482173,403321515
586,Snapchat,UCI4fHQkguBNW3SwTqmehzjw,8475195,791261634
587,Mark Rober,UC0rDDvHM7u_7aWgAojSXl1Q,4835214,1585417554
588,Sony Pictures Entertainment,UCkIAPBRr82MUFDiHHjw8JpQ,133373,333816752
589,SamSmithWorldVEVO,UC7Lhhngb9lLW6tuPddEM62A,720003,252535231
590,Kylie Cosmetics,UCuouUWCLmpG4Dje3Ay0p1oQ,8101222,1289538040
591,The Telegraph,UCv3mNSNjuWldihk1DUdnGtw,627277,235661397
592,Trailers Promos Teasers,UCHr2c27rNE3sj4SSWxU3nfA,3559,5464642
593,HollywoodLife,UCJrREGJ2R1mMuKJkZ8SMCcA,6548106,-2147483648
594,BUILD Series,UC0VOyT2OCBKdQhF3BAbZ-1g,18774118,-2147483648
595,Andre Black Nerd,UCdq61m8s_48EhJ5OM_MCeGw,952003,185143841
596,NitroV2,UCGEULO7Ruetmngtl593OoXg,2536649,1069660936
597,Omeleto,UCD2vBGB4mK7h3vaBchwvtvw,4608233,379617753
598,Mashable Daily,UCGqvJPRcv7aVFun-eTsatcA,2866358,1090500259
599,Feelunique,UCVpankR4HtoAVtYnFDUieYA,2492504,400142076
600,The New Yorker,UCDGmojLIoWpXok597xYo8cg,810915,-2147483648
601,TiffyQuake,UCH45phx_o8pNt9PwbjxWhcA,22978,67520451
602,David Jardine,UCKBnlTTgEnhIXv_c4LvvyMQ,3252265,1651688200
603,The Royal Family Channel,UCDo9msNItILnyF_Y2eHaNQg,10815606,2014114831
604,Rainsford,UC5lbqlKquDWwxqspn0WGjuA,891914,77889326
605,Billboard News,UCSpvjDk06HLxBaw8sZw7SkA,673723,190263055
606,The Cuddle Squad,UCh6C5LG14uZKmwCgGxf-nDQ,2061810,1922087198
607,Define American,UCMBZ9EMR_xYt9zcLTLD4OxA,169023,51420677
608,Chriselle Lim,UCaum3Yzdl3TbBt8YUeUGZLQ,13289830,-2147483648
609,MrNorrisVideos,UCVttQE6tS_agDSAU61Q65aA,13578571,-2147483648
610,ТСН,UCjYO25ZVJT523TD1iYHzcbw,1751848,1701290196
611,SiggasNation™,UC-lHJZR3Gqxm24_Vd_AJ5Yw,97809187,-2147483648
612,The New York Times,UCXVxMuWK6l_pCyxEk07EIRw,383291,294376350
613,Anna Akana,UCq52Fv9Jn7js4neFjaju3Fg,2958138,434661014
614,Alesso,UCDDmukrq0bwckrp09bNt-Rw,3320305,2026196016
615,The Dodo,UCS4bqe_kRDbaKsrpqfHZ08A,475364,475012415
616,colinfurze,UCcIp79A4IhGdQuIr76ArPVg,18,17717
617,Corinne Leigh,UC9KhB07HSEtWISy_LFWwHzw,910917,596659895
618,Beyond The Trailer,UCWhBWKR3rznArMZaq6RjcMw,118,122
619,Glam&Gore,UC6c0S4v06RknKIUguB98ETw,222,13029
620,CYNVEVO,UCoDgF0Jh3ZTV1kIUwVXTi1g,71382,95904481
621,The Official Pokémon YouTube Channel,UCiBr0bK06imaMbLc8sAEz0A,5902324,-2147483648
622,WTHR,UCUFdeo1oLLH_QPlaQfZrqbg,1916733,-2147483648
623,Millie T,UC09d82usokACH1z5YeKnfiA,10182053,-2147483648
624,Google,UCWZmCMB7mmKWcXJSIPRhzZw,8066594,-2147483648
625,"One List , One Life",UCZ6hZv3is3tWda4jNfVXzsQ,1,0
626,Focus Features,UC63-vXUchmKqP7K9WE2jCfg,268908,180343444
627,Galantis,UCpb_iJuhFe8V6rQdbNqfAlQ,18979075,-2147483648
628,POPSUGAR,UCPR8RgeVZjJ3ogh45KyepCg,185342,72021165
629,DraftExpress,UCxpt5HNQZfNIpMnuxgqZPsQ,2,148
630,NASA,UC7JDBUzkcwRGtQGia3_mMgQ,660713,84852111
631,truTV,UCAtlZO9a52JIhQRyXDRLaZQ,1736078,1125496898
632,Mnet K-POP,UCfIXdjDQH9Fau7y99_Orpjw,5309341,1959521225
633,Inside Edition,UChfRct5EhDlJz9iCRiestyw,76440,46675849
634,TheJuicyJVEVO,UCJ-Ociya7ri8MKx1O5jCIKQ,868976,167445227
635,5FDPVEVO,UC47Xz8LVxEJBX5gmkW9mALQ,973445,553593034
636,Shoshana Bean,UC8SskoYKFS4lRKbXr_q9s4g,68227,44804245
637,Open Road Films,UChhReiq1mRx3hQ8b740Esqg,2,0
638,Martin Garrix,UCH_YpPVrF7Kzjew8rB2cdjg,1238752,470831400
639,How To Cook That,UCvNBXWGykQrWb7kPAn5eLUQ,2383275,432457729
640,Itzztonytony,UCt8jfvd9skBAOT6XJwc_mJg,1069132,849269050
641,JOLLY,UCGq0luB-gFekj3K2AggwjYg,265,5765
